-- phpMyAdmin SQL Dump
-- version 5.1.1
-- https://www.phpmyadmin.net/
--
-- Servidor: 127.0.0.1
-- Tiempo de generación: 29-06-2023 a las 00:48:51
-- Versión del servidor: 10.4.21-MariaDB
-- Versión de PHP: 8.0.12

SET SQL_MODE = "NO_AUTO_VALUE_ON_ZERO";
START TRANSACTION;
SET time_zone = "+00:00";


/*!40101 SET @OLD_CHARACTER_SET_CLIENT=@@CHARACTER_SET_CLIENT */;
/*!40101 SET @OLD_CHARACTER_SET_RESULTS=@@CHARACTER_SET_RESULTS */;
/*!40101 SET @OLD_COLLATION_CONNECTION=@@COLLATION_CONNECTION */;
/*!40101 SET NAMES utf8mb4 */;

--
-- Base de datos: `sistema`
--

-- --------------------------------------------------------

--
-- Estructura de tabla para la tabla `cliente`
--

CREATE TABLE `cliente` (
  `id_cliente` int(11) NOT NULL,
  `nombre` varchar(100) NOT NULL,
  `email` varchar(100) NOT NULL
) ENGINE=InnoDB DEFAULT CHARSET=utf8mb4;

--
-- Volcado de datos para la tabla `cliente`
--

INSERT INTO `cliente` (`id_cliente`, `nombre`, `email`) VALUES
(4, 'Camila Parodi', 'leo.debole@gmail.com'),
(5, 'Catalina Mancini', 'leo.debole@gmail.com'),
(6, 'Cecilia Torres', 'leo.debole@gmail.com'),
(7, 'Celeste Iuzzolino', 'leo.debole@gmail.com'),
(8, 'Cynthia Rivero', 'leo.debole@gmail.com'),
(9, 'Daiana Lo Tartaro', 'leo.debole@gmail.com'),
(10, 'Daniela Quiroga', 'leo.debole@gmail.com'),
(11, 'David Luque', 'leo.debole@gmail.com'),
(12, 'Emilio De Los Santos', 'leo.debole@gmail.com'),
(13, 'Ezequiel Garcia Faura', 'leo.debole@gmail.com'),
(14, 'Ezequiel Olazar', 'leo.debole@gmail.com'),
(15, 'Fabian Tierradentro', 'leo.debole@gmail.com'),
(16, 'Fabiana Ludman', 'leo.debole@gmail.com'),
(17, 'Federico de la Puente', 'leo.debole@gmail.com'),
(18, 'Fernanda Aragone', 'leo.debole@gmail.com'),
(19, 'Fernando Bruno', 'leo.debole@gmail.com'),
(20, 'Gloria Cosentino', 'leo.debole@gmail.com'),
(21, 'Hernan Manigot', 'leo.debole@gmail.com'),
(22, 'Ignacio Pilnik', 'leo.debole@gmail.com'),
(23, 'Ivana Vallejos', 'leo.debole@gmail.com'),
(24, 'Juan Gonzalez Ruiz', 'leo.debole@gmail.com'),
(25, 'Juan Nievas', 'leo.debole@gmail.com'),
(26, 'Lila Cuevas', 'leo.debole@gmail.com'),
(27, 'Lucia Baiardo', 'leo.debole@gmail.com'),
(28, 'Lucia Jesiotr', 'leo.debole@gmail.com'),
(29, 'Mabel  Castillo', 'leo.debole@gmail.com'),
(30, 'Mailen Cardenas', 'leo.debole@gmail.com'),
(31, 'Gabriela Mangone', 'leo.debole@gmail.com'),
(32, 'Marina Juarez', 'leo.debole@gmail.com'),
(33, 'Micaela Naya', 'leo.debole@gmail.com'),
(34, 'Nadia Chavez', 'leo.debole@gmail.com'),
(35, 'Nicolas Frias', 'leo.debole@gmail.com'),
(36, 'Ornela Bonomo', 'leo.debole@gmail.com'),
(37, 'Pablo Sinai', 'leo.debole@gmail.com'),
(38, 'Pablo Rivarola', 'leo.debole@gmail.com'),
(39, 'Sabrina Gosp', 'leo.debole@gmail.com'),
(40, 'Sofia Velazquez', 'leo.debole@gmail.com'),
(41, 'Valeria Rodriguez', 'leo.debole@gmail.com'),
(42, 'Veronica Rizzo', 'leo.debole@gmail.com'),
(43, 'Victoria Eraldo', 'leo.debole@gmail.com'),
(44, 'Victoria Iglesias', 'leo.debole@gmail.com'),
(45, 'Virginia Victorel', 'leo.debole@gmail.com'),
(46, 'Wally Insenga', 'leo.debole@gmail.com'),
(47, 'Yanina  Moyano', 'leo.debole@gmail.com'),
(48, 'Leonardo Debole', 'leo.debole@gmail.com'),
(50, 'Santiago Mastroianni', 'leo.debole@gmail.com'),
(53, 'Osvaldo Bonomo', 'leo.debole@gmail.com'),
(54, 'Guadalupe Cacharo', 'leo.debole@gmail.com'),
(55, 'Analia Carmona', 'leo.debole@gmail.com');

-- --------------------------------------------------------

--
-- Estructura de tabla para la tabla `recibo`
--

CREATE TABLE `recibo` (
  `id_recibo` int(11) NOT NULL,
  `fecha` date NOT NULL,
  `id_cliente` int(11) NOT NULL,
  `concepto` varchar(100) NOT NULL,
  `mes` int(11) NOT NULL,
  `ano` int(11) NOT NULL,
  `importe` int(11) NOT NULL,
  `id_tipodepago` int(11) NOT NULL,
  `observacion` varchar(100) NOT NULL,
  `enviado` int(11) NOT NULL
) ENGINE=InnoDB DEFAULT CHARSET=utf8mb4;

--
-- Volcado de datos para la tabla `recibo`
--

INSERT INTO `recibo` (`id_recibo`, `fecha`, `id_cliente`, `concepto`, `mes`, `ano`, `importe`, `id_tipodepago`, `observacion`, `enviado`) VALUES
(1, '2022-03-09', 8, 'Honorarios mensuales', 2, 2022, 1000, 1, '', 0),
(3, '2022-03-10', 34, 'Honorarios mensuales', 3, 2022, 1500, 1, '', 0),
(9, '2022-09-09', 31, 'Honorarios mensuales', 0, 0, 1000, 1, 'FEBRERO 2022', 0),
(10, '2022-03-10', 1, 'Honorarios mensuales', 0, 0, 2400, 1, 'DIC/ENE/FEB 2022', 0),
(11, '2022-03-10', 4, 'Honorarios mensuales', 0, 0, 1400, 1, 'MARZO 2022', 0),
(12, '2022-03-11', 15, 'Honorarios mensuales', 0, 0, 3400, 1, 'ENE/FEB/MARZO', 0),
(13, '2022-03-11', 46, 'Honorarios mensuales', 0, 0, 1000, 3, 'MARZO 2022', 0),
(15, '2022-03-14', 27, 'Honorarios mensuales', 0, 0, 1000, 1, 'FEBRERO 2022', 0),
(16, '2022-03-14', 22, 'Honorarios mensuales', 0, 0, 1400, 1, 'MARZO 2022', 0),
(17, '2022-03-14', 28, 'Honorarios mensuales', 0, 0, 1500, 1, 'FEBRERO 2022', 0),
(18, '2022-03-15', 29, 'Honorarios mensuales', 0, 0, 1100, 1, 'MARZO 2022', 0),
(19, '2022-03-15', 10, 'Honorarios mensuales', 0, 0, 900, 1, 'FEBRERO 2022', 0),
(20, '2022-03-15', 16, 'Honorarios mensuales', 0, 0, 1500, 1, 'FEBRERO 2022', 0),
(21, '2022-03-17', 39, 'Honorarios mensuales', 0, 0, 2000, 1, 'FEB/MARZO 2022', 0),
(22, '2022-03-17', 24, 'Honorarios mensuales', 0, 0, 1300, 1, 'FEBRERO 2022', 0),
(23, '2022-03-18', 26, 'Honorarios mensuales', 0, 0, 900, 1, 'FEBRERO 2022', 0),
(24, '2022-03-16', 35, 'Honorarios mensuales', 0, 0, 2600, 2, 'FEB/MARZO 2022', 0),
(26, '2022-03-23', 14, 'Honorarios mensuales', 0, 0, 1000, 1, 'MARZO 2022', 0),
(27, '2022-03-29', 32, 'Honorarios mensuales', 0, 0, 2200, 2, 'FEB/MARZO 2022', 0),
(28, '2022-03-30', 21, 'Honorarios mensuales', 0, 0, 3000, 1, 'FEB/MARZO 2022', 0),
(29, '2022-04-05', 40, 'Honorarios mensuales', 0, 0, 1300, 2, 'MARZO 2022', 0),
(30, '2022-03-30', 1, 'Honorarios mensuales', 0, 0, 1300, 1, 'MARZO 2022', 0),
(31, '2022-03-31', 23, 'Honorarios mensuales', 0, 0, 3300, 1, 'ENE/FEB/MARZO 2022', 0),
(32, '2022-04-04', 9, 'Honorarios mensuales', 0, 0, 1300, 1, 'ABRIL 2022', 0),
(33, '2022-04-03', 25, 'Honorarios mensuales', 0, 0, 4000, 2, 'DIC 21/ENE/FEB/MAR/ABR 2022', 0),
(34, '2022-04-04', 8, 'Honorarios mensuales', 0, 0, 1000, 1, 'MARZO 2022', 0),
(35, '2022-04-04', 50, 'Honorarios mensuales', 0, 0, 2600, 2, 'MAR/ABRIL 2022', 0),
(36, '2022-04-05', 27, 'Honorarios mensuales', 0, 0, 1400, 1, 'MARZO 2022', 0),
(37, '2022-04-05', 20, 'Honorarios mensuales', 0, 0, 1300, 1, 'MARZO 2022', 0),
(38, '2022-04-05', 38, 'Honorarios mensuales', 0, 0, 1400, 1, 'ABRIL 2022', 0),
(39, '2022-04-05', 36, 'Honorarios mensuales', 0, 0, 1300, 1, 'MARZO 2022', 0),
(40, '2022-04-05', 10, 'Honorarios mensuales', 0, 0, 1400, 1, 'MARZO 2022', 0),
(41, '2022-04-06', 3, 'Honorarios mensuales', 0, 0, 1400, 1, 'ABRIL 2022', 0),
(42, '2022-04-06', 8, 'Honorarios mensuales', 0, 0, 300, 1, 'Diferencia MARZO 2022', 0),
(43, '2022-04-07', 5, 'Honorarios mensuales', 0, 0, 1300, 1, 'ABRIL 2022', 0),
(44, '2022-04-07', 46, 'Honorarios mensuales', 0, 0, 1000, 1, 'ABRIL 2022', 0),
(45, '2022-04-11', 26, 'Honorarios mensuales', 0, 0, 1700, 1, 'FEB $400 // MARZO 2022 $1300', 0),
(46, '2022-04-12', 47, 'Honorarios mensuales', 0, 0, 3500, 2, 'FEB $900 / MAR $1300/ ABR $1300', 0),
(47, '2022-04-12', 30, 'Honorarios mensuales', 0, 0, 1600, 2, 'ENE $800 - FEB $1300', 0),
(48, '2022-04-12', 22, 'Honorarios mensuales', 0, 0, 1400, 1, 'ABRIL 2022', 0),
(49, '2022-04-12', 2, 'Honorarios mensuales', 0, 0, 2000, 1, 'MAR/ABRIL 2022', 0),
(50, '2022-04-12', 16, 'Honorarios mensuales', 0, 0, 1500, 1, 'MARZO 2022', 0),
(51, '2022-04-12', 6, 'Honorarios mensuales', 0, 0, 2800, 1, 'FEB/MAR 2022', 0),
(52, '2022-04-13', 14, 'Honorarios mensuales', 0, 0, 1300, 1, 'ABRIL 2022', 0),
(53, '2022-04-13', 29, 'Honorarios mensuales', 0, 0, 1100, 1, 'ABRIL 2022', 0),
(54, '2022-04-13', 34, 'Honorarios mensuales', 0, 0, 1500, 1, 'ABRIL 2022', 0),
(55, '2022-04-18', 41, 'Honorarios mensuales', 0, 0, 4000, 1, 'FEB/ MAR/ ABR 2022', 0),
(56, '2022-04-18', 4, 'Honorarios mensuales', 0, 0, 1400, 1, 'ABRIL 2022', 0),
(57, '2022-04-18', 18, 'Honorarios mensuales', 0, 0, 3800, 1, 'FEB/MAR/ABR 2022', 0),
(58, '2022-04-19', 13, 'Honorarios mensuales', 0, 0, 2600, 1, 'MAR/ABRIL 2022', 0),
(59, '2022-04-20', 39, 'Honorarios mensuales', 0, 0, 1300, 1, 'ABRIL 2022', 0),
(60, '2022-04-20', 31, 'Honorarios mensuales', 0, 0, 1000, 1, 'MARZO 2022', 0),
(61, '2022-04-21', 37, 'Honorarios mensuales', 0, 0, 1400, 1, 'ABRIL 2022', 0),
(62, '2022-04-21', 19, 'Honorarios mensuales', 0, 0, 3800, 1, 'ENE/FEB/MAR 2022', 0),
(63, '2022-04-22', 28, 'Honorarios mensuales', 0, 0, 1500, 1, 'MARZO 2022', 0),
(64, '2022-04-28', 53, 'Honorarios mensuales', 0, 0, 3000, 1, 'DIC/ENE/FEB 2022', 0),
(65, '2022-04-20', 30, 'Honorarios mensuales', 0, 0, 1800, 2, 'FEB / MARZO 2022', 0),
(66, '2022-04-21', 7, 'Honorarios mensuales', 0, 0, 1300, 2, 'MARZO 2022', 0),
(67, '2022-05-02', 42, 'Honorarios mensuales', 0, 0, 2600, 1, 'FEB/MAR 2022', 0),
(68, '2022-05-02', 13, 'Honorarios mensuales', 0, 0, 1300, 1, 'MAYO 2022', 0),
(69, '2022-05-02', 40, 'Honorarios mensuales', 0, 0, 1300, 2, 'ABRIL 2022', 0),
(70, '2022-05-02', 37, 'Honorarios mensuales', 0, 0, 1400, 1, 'MAYO 2022', 0),
(71, '2022-05-03', 9, 'Honorarios mensuales', 0, 0, 1300, 1, 'MAYO 2022', 0),
(72, '2022-05-03', 46, 'Honorarios mensuales', 0, 0, 1000, 1, 'MAYO 2022', 0),
(73, '2022-05-04', 20, 'Honorarios mensuales', 0, 0, 1300, 1, 'ABRIL 2022', 0),
(74, '2022-05-04', 1, 'Honorarios mensuales', 0, 0, 1300, 1, 'ABRIL 2022', 0),
(75, '2022-05-04', 15, 'Honorarios mensuales', 0, 0, 2800, 1, 'ABR/MAYO 2022', 0),
(76, '2022-05-05', 39, 'Honorarios mensuales', 0, 0, 1300, 1, 'MAYO 2022', 0),
(77, '2022-05-10', 5, 'Honorarios mensuales', 0, 0, 1300, 3, 'MAYO 2022', 0),
(78, '2022-05-05', 24, 'Honorarios mensuales', 0, 0, 2600, 1, 'MARZO/ABRIL 2022', 0),
(79, '2022-05-06', 34, 'Honorarios mensuales', 0, 0, 1500, 1, 'MAYO 2022', 0),
(80, '2022-05-06', 38, 'Honorarios mensuales', 0, 0, 1400, 1, 'MAYO 2022', 0),
(81, '2022-05-06', 14, 'Honorarios mensuales', 0, 0, 1300, 1, 'MAYO 2022', 0),
(82, '2022-05-06', 43, 'Honorarios mensuales', 0, 0, 2800, 1, 'MARZO/ABRIL 2022', 0),
(83, '2022-05-06', 3, 'Honorarios mensuales', 0, 0, 1400, 1, 'MAYO 2022', 0),
(84, '2022-05-10', 12, 'Honorarios mensuales', 0, 0, 3000, 1, 'MARZO/ABRIL 2022', 0),
(85, '2022-05-11', 27, 'Honorarios mensuales', 0, 0, 1400, 1, 'ABRIL 2022', 0),
(86, '2022-05-11', 28, 'Honorarios mensuales', 0, 0, 1500, 1, 'ABRIL 2022', 0),
(87, '2022-05-11', 4, 'Honorarios mensuales', 0, 0, 1400, 1, 'MAYO 2022', 0),
(88, '2022-05-11', 16, 'Honorarios mensuales', 0, 0, 1500, 1, 'ABRIL 2022', 0),
(89, '2022-05-13', 18, 'Honorarios mensuales', 0, 0, 1400, 1, 'MAYO 2022', 0),
(90, '2022-05-16', 26, 'Honorarios mensuales', 0, 0, 1300, 1, 'ABRIL 2022', 0),
(91, '2022-05-19', 47, 'Honorarios mensuales', 0, 0, 1300, 1, 'MAYO 2022', 0),
(92, '2022-05-20', 36, 'Honorarios mensuales', 0, 0, 2600, 1, 'ABRIL/MAYO 2022', 0),
(93, '2022-05-23', 33, 'Honorarios mensuales', 0, 0, 4200, 2, 'ENE-FEB-MAR 2022', 0),
(94, '2022-05-23', 21, 'Honorarios mensuales', 0, 0, 3000, 1, 'ABRIL/MAYO 2022', 0),
(96, '2022-05-27', 23, 'Honorarios mensuales', 0, 0, 2600, 1, 'ABRIL/MAYO 2022', 0),
(97, '2022-05-30', 42, 'Honorarios mensuales', 0, 0, 1300, 1, 'ABRIL 2022', 0),
(98, '2022-06-01', 41, 'Honorarios mensuales', 0, 0, 3000, 1, 'MAYO/JUNIO 2022', 0),
(99, '2022-05-30', 54, 'Honorarios por', 0, 0, 2500, 2, 'REGULACION CONV MULT', 0),
(100, '2022-06-01', 39, 'Honorarios mensuales', 0, 0, 1300, 1, 'JUNIO 2022', 0),
(101, '2022-06-02', 40, 'Honorarios mensuales', 0, 0, 1300, 1, 'MAYO 2022', 0),
(102, '2022-06-02', 34, 'Honorarios mensuales', 0, 0, 1500, 1, 'JUNIO 2022', 0),
(103, '2022-06-02', 42, 'Honorarios mensuales', 0, 0, 1300, 1, 'MAYO 2022', 0),
(104, '2022-06-02', 9, 'Honorarios mensuales', 0, 0, 1300, 1, 'JUNIO 202', 0),
(105, '2022-06-02', 34, 'Honorarios mensuales', 0, 0, 1500, 1, 'JUNIO 2022', 0),
(106, '2022-06-03', 20, 'Honorarios mensuales', 0, 0, 1300, 1, 'MAYO 2022', 0),
(107, '2022-06-04', 54, 'Honorarios mensuales', 0, 0, 1500, 2, 'JUNIO 2022', 0),
(108, '2022-06-06', 50, 'Honorarios mensuales', 0, 0, 1300, 2, 'MAYO 2022', 0),
(109, '2022-06-06', 46, 'Honorarios mensuales', 0, 0, 1000, 1, 'JUNIO 2022', 0),
(110, '2022-06-06', 10, 'Honorarios mensuales', 0, 0, 1400, 1, 'ABRIL 2022', 0),
(111, '2022-06-06', 15, 'Honorarios mensuales', 0, 0, 2800, 1, 'MAYO/JUNIO 2022', 0),
(112, '2022-06-06', 6, 'Honorarios mensuales', 0, 0, 2400, 1, 'ABRIL/MAYO 2022', 0),
(113, '2022-06-06', 3, 'Honorarios mensuales', 0, 0, 1400, 1, 'JUNIO 2022', 0),
(114, '2022-06-07', 27, 'Honorarios mensuales', 0, 0, 1400, 1, 'MAYO 2022', 0),
(115, '2022-06-08', 37, 'Honorarios mensuales', 0, 0, 1400, 1, 'JUNIO 2022', 0),
(116, '2022-06-08', 32, 'Honorarios mensuales', 0, 0, 3900, 2, 'ABR/MAY/JUNIO 2022', 0),
(117, '2022-06-10', 21, 'Honorarios mensuales', 0, 0, 1500, 1, 'JUNIO 2022', 0),
(118, '2022-06-10', 31, 'Honorarios mensuales', 0, 0, 1000, 1, 'ABRIL 2022', 0),
(119, '2022-06-10', 13, 'Honorarios mensuales', 0, 0, 1300, 1, 'JUNIO 2022', 0),
(120, '2022-06-13', 38, 'Honorarios mensuales', 0, 0, 1400, 1, 'JUNIO 2022', 0),
(121, '2022-06-13', 29, 'Honorarios mensuales', 0, 0, 1300, 1, 'JUNIO 2022', 0),
(122, '2022-06-13', 17, 'Honorarios mensuales', 0, 0, 5600, 1, 'MAR/ABR/MAY/JUN 2022', 0),
(123, '2022-06-14', 14, 'Honorarios mensuales', 0, 0, 1300, 1, 'JUNIO 2022', 0),
(124, '2022-06-14', 2, 'Honorarios mensuales', 0, 0, 2000, 1, 'MAY/JUN 2022', 0),
(125, '2022-06-15', 28, 'Honorarios mensuales', 0, 0, 1500, 1, 'MAYO 2022', 0),
(126, '2022-06-15', 8, 'Honorarios mensuales', 0, 0, 2600, 1, 'ABR/MAYO 2022', 0),
(127, '2022-06-13', 47, 'Honorarios mensuales', 0, 0, 1300, 1, 'JUNIO 2022', 0),
(128, '2022-06-15', 30, 'Honorarios mensuales', 0, 0, 2600, 1, 'ABR/MAYO 2022', 0),
(129, '2022-05-11', 22, 'Honorarios mensuales', 0, 0, 1400, 2, 'MAYO 2021', 0),
(130, '2022-06-09', 22, 'Honorarios mensuales', 0, 0, 1400, 2, 'JUNIO 2022', 0),
(131, '2022-06-16', 7, 'Honorarios mensuales', 0, 0, 3900, 2, 'ABR/MAY/JUN 2022', 0),
(132, '2022-06-16', 33, 'Honorarios mensuales', 0, 0, 2800, 2, 'ABR/MAYO 2022', 0),
(133, '2022-06-21', 35, 'Honorarios mensuales', 0, 0, 3900, 2, 'ABR/MAY/JUN 2022', 0),
(134, '2022-06-21', 12, 'Honorarios mensuales', 0, 0, 1500, 1, 'MAYO 2022', 0),
(135, '2022-06-21', 16, 'Honorarios mensuales', 0, 0, 1500, 1, 'MAYO 2022', 0),
(136, '2022-06-21', 26, 'Honorarios mensuales', 0, 0, 1300, 1, 'MAYO 2022', 0),
(137, '2022-06-24', 5, 'Honorarios mensuales', 0, 0, 1300, 3, 'JUNIO 2022', 0),
(138, '2022-06-21', 43, 'Honorarios mensuales', 0, 0, 2800, 2, 'MAYO/JUNIO 2022', 0),
(139, '2022-06-25', 55, 'Honorarios mensuales', 0, 0, 1300, 1, 'JUNIO 2022', 0),
(140, '2022-07-01', 20, 'Honorarios mensuales', 0, 0, 1300, 1, 'JUNIO 2022', 0),
(141, '2022-07-04', 37, 'Honorarios mensuales', 0, 0, 1400, 1, 'JULIO 2022', 0),
(142, '2022-07-04', 54, 'Honorarios mensuales', 0, 0, 1500, 2, 'JULIO 2022', 0),
(143, '2022-07-04', 27, 'Honorarios mensuales', 0, 0, 1400, 1, 'JUNIO 2022', 0),
(144, '2022-07-05', 10, 'Honorarios mensuales', 0, 0, 1400, 1, 'MAYO 2022', 0),
(145, '2022-07-05', 29, 'Honorarios mensuales', 0, 0, 1300, 1, 'JULIO 2022', 0),
(146, '2022-07-06', 1, 'Honorarios mensuales', 0, 0, 1300, 1, 'MAYO 2022', 0),
(147, '2022-07-06', 25, 'Honorarios mensuales', 0, 0, 4200, 2, 'MAY/JUN/JUL 2022', 0),
(148, '2022-07-06', 10, 'Honorarios mensuales', 0, 0, 1400, 1, 'JUNIO 2022', 0),
(149, '2022-07-07', 34, 'Honorarios mensuales', 0, 0, 1500, 1, 'JULIO 2022', 0),
(150, '2022-07-07', 50, 'Honorarios mensuales', 0, 0, 2600, 2, 'JUN/JULIO 2022', 0),
(151, '2022-07-07', 4, 'Honorarios mensuales', 0, 0, 2800, 1, 'JUN/JULIO 2022', 0),
(152, '2022-07-07', 3, 'Honorarios mensuales', 0, 0, 1600, 1, 'JULIO 2022', 0),
(153, '2022-07-08', 12, 'Honorarios mensuales', 0, 0, 1500, 1, 'JUNIO 2022', 0),
(154, '2022-07-08', 8, 'Honorarios mensuales', 0, 0, 1300, 1, 'JUNIO 2022', 0),
(155, '2022-07-09', 22, 'Honorarios mensuales', 0, 0, 1400, 2, 'JULIO 2022', 0),
(156, '2022-07-12', 40, 'Honorarios mensuales', 0, 0, 1300, 2, 'JUNIO 2022', 0),
(157, '2022-07-11', 9, 'Honorarios mensuales', 0, 0, 1300, 1, 'JULIO 2022', 0),
(158, '2022-07-11', 13, 'Honorarios mensuales', 0, 0, 1300, 1, 'JULIO 2022', 0),
(159, '2022-07-11', 38, 'Honorarios mensuales', 0, 0, 1400, 1, 'JULIO 2022', 0),
(160, '2022-07-12', 14, 'Honorarios mensuales', 0, 0, 1600, 1, 'JULIO 2022', 0),
(161, '2022-07-12', 36, 'Honorarios mensuales', 0, 0, 2800, 1, 'JUN/JULIO 2022', 0),
(162, '2022-07-13', 55, 'Honorarios mensuales', 0, 0, 1200, 1, 'JULIO 2022', 0),
(163, '2022-07-13', 6, 'Honorarios mensuales', 0, 0, 3000, 1, 'JUN/JULIO 2022', 0),
(164, '2022-07-13', 16, 'Honorarios mensuales', 0, 0, 1500, 1, 'JUNIO 2022', 0),
(165, '2022-07-14', 28, 'Honorarios mensuales', 0, 0, 1500, 1, 'JUNIO 2022', 0),
(166, '2022-07-18', 18, 'Honorarios mensuales', 0, 0, 2800, 1, 'JUNIO/JULIO 2022', 0),
(167, '2022-07-18', 26, 'Honorarios mensuales', 0, 0, 1300, 1, 'JUNIO 2022', 0),
(168, '2022-07-18', 24, 'Honorarios mensuales', 0, 0, 2600, 1, 'MAY/JUNIO 2022', 0),
(169, '2022-07-19', 47, 'Honorarios mensuales', 0, 0, 1600, 2, 'JULIO 2022', 0),
(170, '2022-07-19', 46, 'Honorarios mensuales', 0, 0, 1000, 1, 'JULIO 2022', 0),
(171, '2022-07-19', 42, 'Honorarios mensuales', 0, 0, 2600, 1, 'JUNIO/JULIO', 0),
(172, '2022-07-27', 44, 'Honorarios mensuales', 0, 0, 5000, 1, 'ENE/FEB/MAR/ABR 2022', 0),
(173, '2022-07-27', 5, 'Honorarios mensuales', 0, 0, 1600, 3, 'JULIO 2022', 0),
(174, '2022-07-25', 15, 'Honorarios mensuales', 0, 0, 3000, 1, 'JULIO/AGOSTO 2022', 0),
(176, '2022-08-01', 9, 'Honorarios mensuales', 0, 0, 1500, 1, 'AGOSTO 2022', 0),
(177, '2022-08-01', 31, 'Honorarios mensuales', 0, 0, 3000, 1, 'MAYO/JUNIO/JULIO 2022', 0),
(178, '2022-08-02', 33, 'Honorarios mensuales', 0, 0, 3000, 2, 'JUNI0/JULIO 2022', 0),
(179, '2022-08-02', 5, 'Honorarios mensuales', 0, 0, 1600, 1, 'AGOSTO 2022', 0),
(180, '2022-08-03', 21, 'Honorarios mensuales', 0, 0, 1500, 1, 'JULIO 2022', 0),
(181, '2022-08-03', 37, 'Honorarios mensuales', 0, 0, 1600, 1, 'AGOSTO 2022', 0),
(182, '2022-08-03', 31, 'Honorarios mensuales', 0, 0, 300, 1, 'Diferencia JULIO', 0),
(183, '2022-08-03', 20, 'Honorarios mensuales', 0, 0, 1300, 1, 'JULIO 2022', 0),
(184, '2022-08-04', 13, 'Honorarios mensuales', 0, 0, 1900, 1, 'JULIO/AGOSTO 2022', 0),
(185, '2022-08-04', 40, 'Honorarios mensuales', 0, 0, 1300, 2, 'JULIO 2022', 0),
(186, '2022-08-04', 34, 'Honorarios mensuales', 0, 0, 1500, 1, 'AGOSTO 2022', 0),
(187, '2022-08-05', 54, 'Honorarios mensuales', 0, 0, 1500, 2, 'AGOSTO 2022', 0),
(188, '2022-08-05', 3, 'Honorarios mensuales', 0, 0, 1600, 1, 'AGOSTO 2022', 0),
(189, '2022-08-05', 10, 'Honorarios mensuales', 0, 0, 1700, 1, 'JULIO 2022', 0),
(190, '2022-08-08', 27, 'Honorarios mensuales', 0, 0, 1400, 1, 'JULIO 2022', 0),
(191, '2022-08-08', 33, 'Honorarios mensuales', 0, 0, 1700, 2, 'AGOSTO 2022', 0),
(192, '2022-08-08', 38, 'Honorarios mensuales', 0, 0, 1700, 1, 'AGOSTO 2022', 0),
(193, '2022-08-09', 14, 'Honorarios mensuales', 0, 0, 1600, 1, 'AGOSTO 2022', 0),
(194, '2022-08-10', 28, 'Honorarios mensuales', 0, 0, 1700, 1, 'JULIO 2022', 0),
(195, '2022-08-10', 46, 'Honorarios mensuales', 0, 0, 1000, 1, 'AGOSTO 2022', 0),
(196, '2022-08-10', 12, 'Honorarios mensuales', 0, 0, 1500, 1, 'JULIO 2022', 0),
(197, '2022-08-10', 16, 'Honorarios mensuales', 0, 0, 1700, 1, 'JULIO 2022', 0),
(198, '2022-08-10', 30, 'Honorarios mensuales', 0, 0, 2600, 2, 'JUNIO/JULIO 2022', 0),
(199, '2022-08-11', 8, 'Honorarios mensuales', 0, 0, 1300, 1, 'JULIO 2022', 0),
(200, '2022-08-16', 26, 'Honorarios mensuales', 0, 0, 1300, 1, 'JULIO 2022', 0),
(201, '2022-08-16', 45, 'Honorarios mensuales', 0, 0, 2400, 1, 'SALDO CUENTA AGOSTO 2022', 0),
(202, '2022-08-16', 24, 'Honorarios mensuales', 0, 0, 1300, 1, 'JULIO 2022', 0),
(203, '2022-08-16', 23, 'Honorarios mensuales', 0, 0, 2600, 1, 'JUNIO/JULIO 2022', 0),
(204, '2022-08-17', 47, 'Honorarios mensuales', 0, 0, 1600, 2, 'AGOSTO 2022', 0),
(205, '2022-08-18', 55, 'Honorarios mensuales', 0, 0, 1200, 1, 'AGOSTO 2022', 0),
(206, '2022-08-18', 29, 'Honorarios mensuales', 0, 0, 1300, 1, 'AGOSTO 2022', 0),
(207, '2022-08-19', 18, 'Honorarios mensuales', 0, 0, 1700, 1, 'AGOSTO 2022', 0),
(208, '2022-09-01', 43, 'Honorarios mensuales', 0, 0, 3200, 1, 'JUL/AGOSTO 2022', 0),
(209, '2022-09-02', 9, 'Honorarios mensuales', 0, 0, 1500, 1, 'SEPTIEMBRE 2022', 0),
(210, '2022-09-02', 38, 'Honorarios mensuales', 0, 0, 1700, 1, 'SEPTIEMBRE 2022', 0),
(211, '2022-09-02', 21, 'Honorarios mensuales', 0, 0, 1700, 1, 'AGOSTO 2022', 0),
(212, '2022-09-05', 20, 'Honorarios mensuales', 0, 0, 1300, 1, 'AGOSTO 2022', 0),
(213, '2022-09-05', 8, 'Honorarios mensuales', 0, 0, 1300, 1, 'AGOSTO 2022', 0),
(214, '2022-09-06', 34, 'Honorarios mensuales', 0, 0, 1500, 1, 'SEPTIEMBRE 2022', 0),
(215, '2022-09-06', 3, 'Honorarios mensuales', 0, 0, 1600, 1, 'SEPTIEMBRE 2022', 0),
(216, '2022-09-06', 5, 'Honorarios mensuales', 0, 0, 1600, 1, 'SEPTIEMBRE 2022', 0),
(217, '2022-09-07', 37, 'Honorarios mensuales', 0, 0, 1600, 1, 'SEPTIEMBRE 2022', 0),
(218, '2022-09-07', 27, 'Honorarios mensuales', 0, 0, 1400, 1, 'AGOSTO 2022', 0),
(219, '2022-09-08', 31, 'Honorarios mensuales', 0, 0, 1300, 1, 'AGOSTO 2022', 0),
(220, '2022-09-08', 6, 'Honorarios mensuales', 0, 0, 3200, 1, 'AGOSTO/SEPT 2022', 0),
(221, '2022-09-08', 40, 'Honorarios mensuales', 0, 0, 1300, 2, 'AGOSTO 2022', 0),
(222, '2022-09-08', 4, 'Honorarios mensuales', 0, 0, 2400, 1, 'AGOSTO /SEP', 0),
(223, '2022-09-08', 46, 'Honorarios mensuales', 0, 0, 1000, 1, 'SEPTIEMBRE 2022', 0),
(224, '2022-09-09', 55, 'Honorarios mensuales', 0, 0, 1200, 1, 'SEPTIEMBRE 2022', 0),
(225, '2022-09-12', 16, 'Honorarios mensuales', 0, 0, 1700, 1, 'AGOSTO 2022', 0),
(226, '2022-09-12', 22, 'Honorarios mensuales', 0, 0, 1700, 1, 'AGOSTO 2022', 0),
(227, '2022-09-12', 4, 'Honorarios mensuales', 0, 0, 400, 1, 'DIF SEPT 2022', 0),
(228, '2022-09-12', 12, 'Honorarios mensuales', 0, 0, 1500, 1, 'AGOSTO 2022', 0),
(229, '2022-09-13', 47, 'Honorarios mensuales', 0, 0, 1600, 2, 'SEPTIEMBRE 2022', 0),
(230, '2022-09-13', 28, 'Honorarios mensuales', 0, 0, 1700, 1, 'AGOSTO 2022', 0),
(231, '2022-09-14', 54, 'Honorarios mensuales', 0, 0, 1500, 2, 'SEPTIEMBRE 2022', 0),
(232, '2022-09-14', 32, 'Honorarios mensuales', 0, 0, 3000, 2, 'JULIO/AGOST 2022', 0),
(233, '2022-09-15', 35, 'Honorarios mensuales', 0, 0, 3900, 2, 'JUL/AGO/SEPT 2022', 0),
(234, '2022-09-15', 13, 'Honorarios mensuales', 0, 0, 1600, 1, 'SEPTIEMBRE 2022', 0),
(235, '2022-09-15', 14, 'Honorarios mensuales', 0, 0, 1600, 1, 'SEPTIEMBRE 2022', 0),
(236, '2022-09-16', 36, 'Honorarios mensuales', 0, 0, 1400, 1, 'AGOSTO 2022', 0),
(237, '2022-09-19', 10, 'Honorarios mensuales', 0, 0, 1700, 1, 'AGOSTO 2022', 0),
(238, '2022-09-19', 18, 'Honorarios mensuales', 0, 0, 1700, 1, 'SEPTIEMBRE 2022', 0),
(239, '2022-09-19', 22, 'Honorarios mensuales', 0, 0, 1700, 1, 'SEPTIEMBRE 2022', 0),
(240, '2022-09-21', 39, 'Honorarios mensuales', 0, 0, 3900, 1, 'JUL/AGO/SEPT 2022', 0),
(241, '2022-09-29', 41, 'Honorarios mensuales', 0, 0, 6000, 1, 'JUL/AGO/SEP/OCT 2022', 0),
(242, '2022-10-03', 40, 'Honorarios mensuales', 0, 0, 1300, 2, 'SEPTIEMBRE 2022', 0),
(243, '2022-10-03', 21, 'Honorarios mensuales', 0, 0, 1700, 1, 'SEPTIEMBRE 2022', 0),
(244, '2022-10-03', 29, 'Honorarios mensuales', 0, 0, 2600, 1, 'SEPT/OCTUBRE 2022', 0),
(245, '2022-10-03', 9, 'Honorarios mensuales', 0, 0, 1300, 1, 'OCTUBRE 2022', 0),
(246, '2022-10-04', 9, 'Honorarios mensuales', 0, 0, 200, 1, 'Dif Octubre 2022', 0),
(247, '2022-10-04', 37, 'Honorarios mensuales', 0, 0, 1600, 1, 'OCTUBRE 2022', 0),
(248, '2022-10-05', 20, 'Honorarios mensuales', 0, 0, 1300, 1, 'SEPTIEMBRE 2022', 0),
(249, '2022-10-05', 5, 'Honorarios mensuales', 0, 0, 1600, 3, 'OCTUBRE 2022', 0),
(250, '2022-10-04', 34, 'Honorarios mensuales', 0, 0, 1800, 1, 'OCTUBRE 2022', 0),
(251, '2022-10-06', 38, 'Honorarios mensuales', 0, 0, 1700, 1, 'OCTUBRE 2022', 0),
(252, '2022-10-06', 43, 'Honorarios mensuales', 0, 0, 1600, 1, 'SEPTIEMBRE 2022', 0),
(253, '2022-10-06', 15, 'Honorarios mensuales', 0, 0, 4500, 1, 'SEPT/OCT/NOV 2022', 0),
(254, '2022-10-11', 27, 'Honorarios mensuales', 0, 0, 1400, 1, 'SEPTIEMBRE', 0),
(255, '2022-10-11', 3, 'Honorarios mensuales', 0, 0, 1600, 1, 'OCTUBRE 2022', 0),
(256, '2022-10-11', 8, 'Honorarios mensuales', 0, 0, 1300, 1, 'SEPTIEMBRE 2022', 0),
(257, '2022-10-11', 16, 'Honorarios mensuales', 0, 0, 1700, 1, 'SEPTIEMBRE 2022', 0),
(258, '2022-10-12', 28, 'Honorarios mensuales', 0, 0, 1700, 1, 'SEPTIEMBRE 2022', 0),
(259, '2022-10-12', 54, 'Honorarios mensuales', 0, 0, 1500, 2, 'OCTUBRE 2022', 0),
(260, '2022-10-12', 17, 'Honorarios mensuales', 0, 0, 6500, 1, 'JUL/AGOS/SEP/OCT 2022', 0),
(261, '2022-10-12', 46, 'Honorarios mensuales', 0, 0, 1000, 1, 'OCTUBRE 2022', 0),
(262, '2022-10-12', 36, 'Honorarios mensuales', 0, 0, 1600, 1, 'SEPTIEMBRE 2022', 0),
(263, '2022-10-13', 42, 'Honorarios mensuales', 0, 0, 4300, 1, 'AGO/SEP/OCTUBRE 2022', 0),
(264, '2022-10-13', 12, 'Honorarios mensuales', 0, 0, 1500, 1, 'SEPTIEMBRE 2022', 0),
(265, '2022-10-14', 14, 'Honorarios mensuales', 0, 0, 1600, 1, 'OCTUBRE 2022', 0),
(266, '2022-10-13', 47, 'Honorarios mensuales', 0, 0, 1800, 2, 'OCTUBRE 2022', 0),
(267, '2022-10-14', 24, 'Honorarios mensuales', 0, 0, 3900, 1, 'AGO/SEP/OCT 2022', 0),
(268, '2022-10-14', 22, 'Honorarios mensuales', 0, 0, 1700, 1, 'OCTUBRE 2022', 0),
(269, '2022-10-17', 13, 'Honorarios mensuales', 0, 0, 1600, 1, 'OCTUBRE 2022', 0),
(270, '2022-10-17', 55, 'Honorarios mensuales', 0, 0, 1200, 1, 'OCTUBRE 2022', 0),
(271, '2022-10-18', 1, 'Honorarios mensuales', 0, 0, 5200, 1, 'JUN/JUL/AGO/SETP 2022', 0),
(272, '2022-10-18', 18, 'Honorarios mensuales', 0, 0, 1700, 1, 'OCTUBRE 2022', 0),
(273, '2022-10-20', 6, 'Honorarios mensuales', 0, 0, 1600, 1, 'OCTUBRE 2022', 0),
(274, '2022-10-20', 4, 'Honorarios mensuales', 0, 0, 1400, 1, 'OCTUBRE 2022', 0),
(275, '2022-10-20', 10, 'Honorarios mensuales', 0, 0, 1700, 1, 'SEPTIEMBRE 2022', 0),
(276, '2022-10-21', 30, 'Honorarios mensuales', 0, 0, 2600, 2, 'AGOS/SEPT 2022', 0),
(277, '2022-10-21', 31, 'Honorarios mensuales', 0, 0, 1300, 1, 'SEPTIEMBRE 2022', 0),
(278, '2022-10-31', 21, 'Honorarios mensuales', 0, 0, 1700, 1, 'OCTUBRE 2022', 0),
(279, '2022-11-01', 34, 'Honorarios mensuales', 0, 0, 1800, 1, 'NOVIEMBRE 2022', 0),
(280, '2022-11-02', 37, 'Honorarios mensuales', 0, 0, 1600, 1, 'NOVIEMBRE 2022', 0),
(281, '2022-11-02', 40, 'Honorarios mensuales', 0, 0, 1300, 2, 'OCTUBRE 2022', 0),
(282, '2022-11-03', 9, 'Honorarios mensuales', 0, 0, 1500, 1, 'NOVIEMBRE 2022', 0),
(283, '2022-11-03', 20, 'Honorarios mensuales', 0, 0, 1300, 1, 'OCTUBRE 2022', 0),
(284, '2022-11-05', 54, 'Honorarios mensuales', 0, 0, 1500, 2, 'NOVIEMBRE 2022', 0),
(285, '2022-11-07', 13, 'Honorarios mensuales', 0, 0, 1600, 1, 'NOVIEMBRE 2022', 0),
(286, '2022-11-07', 38, 'Honorarios mensuales', 0, 0, 1700, 1, 'NOVIEMBRE 2022', 0),
(287, '2022-11-07', 25, 'Honorarios mensuales', 0, 0, 6400, 1, 'AGO/SEP/OCT/NOV 2022', 0),
(288, '2022-11-07', 3, 'Honorarios mensuales', 0, 0, 1600, 1, 'NOVIEMBRE 2022', 0),
(289, '2022-11-07', 8, 'Honorarios mensuales', 0, 0, 1500, 1, 'OCTUBRE 2022', 0),
(290, '2022-11-08', 27, 'Honorarios mensuales', 0, 0, 1400, 1, 'OCTUBRE 2022', 0),
(291, '2022-11-09', 6, 'Honorarios mensuales', 0, 0, 1600, 1, 'NOVIEMBRE 2022', 0),
(292, '2022-11-09', 7, 'Honorarios mensuales', 0, 0, 6500, 2, 'JUL-AGO/SEP/OCT 2022', 0),
(293, '2022-11-11', 10, 'Honorarios mensuales', 0, 0, 1700, 1, 'OCTUBRE 2022', 0),
(294, '2022-11-11', 4, 'Honorarios mensuales', 0, 0, 1400, 1, 'NOVIEMBRE 2022', 0),
(295, '2022-11-14', 47, 'Honorarios mensuales', 0, 0, 1800, 2, 'NOVIEMBRE 2022', 0),
(296, '2022-11-14', 26, 'Honorarios mensuales', 0, 0, 1300, 1, 'OCTUBRE 2022', 0),
(297, '2022-11-14', 55, 'Honorarios mensuales', 0, 0, 1200, 1, 'NOVIEMBRE 2022', 0),
(298, '2022-11-15', 31, 'Honorarios mensuales', 0, 0, 1300, 1, 'OCTUBRE 2022', 0),
(299, '2022-11-15', 12, 'Honorarios mensuales', 0, 0, 1500, 1, 'OCTUBRE 2022', 0),
(300, '2022-11-16', 16, 'Honorarios mensuales', 0, 0, 1700, 1, 'OCTUBRE 2022', 0),
(301, '2022-11-16', 18, 'Honorarios mensuales', 0, 0, 1700, 1, 'NOVIEMBRE 2022', 0),
(302, '2022-11-16', 14, 'Honorarios mensuales', 0, 0, 1600, 1, 'NOVIEMBRE 2022', 0),
(303, '2022-11-16', 46, 'Honorarios mensuales', 0, 0, 1000, 1, 'NOVIEMBRE 2022', 0),
(305, '2022-11-22', 45, 'Honorarios mensuales', 0, 0, 2700, 1, 'SEP/OCT/NOV 2022', 0),
(306, '2022-11-29', 29, 'Honorarios mensuales', 0, 0, 1300, 1, 'NOVIEMBRE 2022', 0),
(307, '2022-12-01', 34, 'Honorarios mensuales', 0, 0, 1800, 1, 'DICIEMBRE 2022', 0),
(308, '2022-12-01', 40, 'Honorarios mensuales', 0, 0, 1300, 2, 'NOVIEMBRE 2022', 0),
(309, '2022-11-14', 22, 'Honorarios mensuales', 0, 0, 1700, 2, 'NOVIEMBRE', 0),
(310, '2022-11-17', 5, 'Honorarios mensuales', 0, 0, 1600, 2, 'NOVIEMBRE 2022', 0),
(311, '2022-12-02', 9, 'Honorarios mensuales', 0, 0, 1500, 1, 'DICIEMBRE 2022', 0),
(312, '2022-12-02', 39, 'Honorarios mensuales', 0, 0, 3900, 1, 'OCT/NOV/DIC 2022', 0),
(313, '2022-12-02', 15, 'Honorarios mensuales', 0, 0, 1500, 1, 'DICIEMBRE 2022', 0),
(314, '2022-12-05', 20, 'Honorarios mensuales', 0, 0, 1300, 1, 'NOVIEMBRE 2022', 0),
(315, '2022-12-05', 21, 'Honorarios mensuales', 0, 0, 1700, 1, 'NOVIEMBRE 2022', 0),
(316, '2022-12-06', 27, 'Honorarios mensuales', 0, 0, 2000, 1, 'NOVIEMBRE 2022', 0),
(317, '2022-12-06', 13, 'Honorarios mensuales', 0, 0, 1600, 1, 'DICIEMBRE 2022', 0),
(318, '2022-12-06', 8, 'Honorarios mensuales', 0, 0, 1500, 1, 'NOVIEMBRE 2022', 0),
(319, '2022-12-07', 43, 'Honorarios mensuales', 0, 0, 1600, 1, 'OCTUBRE 2022', 0),
(320, '2022-12-07', 33, 'Honorarios mensuales', 0, 0, 4500, 2, 'SEP/OCT/NOV 2022', 0),
(321, '2022-12-07', 10, 'Honorarios mensuales', 0, 0, 1700, 1, 'NOVIEMBRE 2022', 0),
(322, '2022-12-07', 3, 'Honorarios mensuales', 0, 0, 2000, 1, 'DICIEMBRE 2022', 0),
(323, '2022-12-13', 38, 'Honorarios mensuales', 0, 0, 1700, 1, 'DICIEMBRE 2022', 0),
(324, '2022-12-12', 42, 'Honorarios mensuales', 0, 0, 3000, 1, 'NOV/DIC 2022', 0),
(325, '2022-12-12', 37, 'Honorarios mensuales', 0, 0, 1600, 1, 'DICIEMBRE 2022', 0),
(326, '2022-12-13', 13, 'Honorarios mensuales', 0, 0, 400, 1, 'DIF DIC 2022', 0),
(327, '2022-12-13', 22, 'Honorarios mensuales', 0, 0, 1700, 1, 'DICIEMBRE 2022', 0),
(328, '2022-12-13', 28, 'Honorarios mensuales', 0, 0, 1700, 1, 'OCTUBRE 2022', 0),
(329, '2022-12-14', 16, 'Honorarios mensuales', 0, 0, 1700, 1, 'NOVIEMBRE 2022', 0),
(330, '2022-12-15', 43, 'Honorarios mensuales', 0, 0, 1600, 1, 'NOVIEMBRE 2022', 0),
(331, '2022-12-15', 55, 'Honorarios mensuales', 0, 0, 1200, 1, 'DICIEMBRE 2022', 0),
(332, '2022-11-18', 36, 'Honorarios mensuales', 0, 0, 1600, 1, 'NOVIEMBRE 2022', 0),
(333, '2022-12-10', 33, 'Honorarios mensuales', 0, 0, 600, 2, 'DIF NOVIEMBRE 2022', 0),
(334, '2022-12-19', 47, 'Honorarios mensuales', 0, 0, 1800, 2, 'DICIEMBRE 2022', 0),
(335, '2022-12-19', 18, 'Honorarios mensuales', 0, 0, 1700, 1, 'DICIEMBRE 2022', 0),
(336, '2022-12-19', 44, 'Honorarios mensuales', 0, 0, 11900, 1, 'MAY/JUN/JUL/AGO/SEP/OCT/NOV/DIC 22', 0),
(338, '2022-12-20', 54, 'Honorarios mensuales', 0, 0, 1800, 2, 'DICIEMBRE 2022', 0),
(339, '2022-12-26', 6, 'Honorarios mensuales', 0, 0, 2022, 1, 'DICIEMBRE 2022', 0),
(340, '2022-12-26', 31, 'Honorarios mensuales', 0, 0, 1300, 1, 'NOVIEMBRE', 0),
(341, '2022-12-27', 46, 'Honorarios mensuales', 0, 0, 1000, 1, 'DICIEMBRE 2022', 0),
(342, '2022-12-31', 35, 'Honorarios mensuales', 0, 0, 7100, 2, 'OCT/NOV/DIC 2022 - ENE/FEB 2023', 0),
(343, '2023-01-02', 14, 'Honorarios mensuales', 0, 0, 1700, 1, 'DICIEMBRE 2022', 0),
(344, '2023-01-02', 30, 'Honorarios mensuales', 0, 0, 2600, 2, 'OCT/NOV 2022', 0),
(345, '2023-01-02', 40, 'Honorarios mensuales', 0, 0, 1300, 2, 'DICIEMBRE 2022', 0),
(346, '2023-01-02', 34, 'Honorarios mensuales', 0, 0, 1800, 1, 'ENERO 2023', 0),
(347, '2023-01-02', 30, 'Honorarios mensuales', 0, 0, 1300, 2, 'DICIEMBRE 2022', 0),
(348, '2023-01-04', 20, 'Honorarios mensuales', 0, 0, 1600, 1, 'DICIEMBRE 2022', 0),
(349, '2023-01-05', 32, 'Honorarios mensuales', 0, 0, 5000, 2, 'SEP/OCT/NOV', 0),
(350, '2023-01-05', 8, 'Honorarios mensuales', 0, 0, 1500, 1, 'DICIEMBRE 2022', 0),
(351, '2023-01-05', 43, 'Honorarios mensuales', 0, 0, 1600, 1, 'DICIEMBRE 2022', 0),
(352, '2023-01-05', 46, 'Honorarios mensuales', 0, 0, 1300, 1, 'ENERO 2023', 0),
(353, '2023-01-05', 27, 'Honorarios mensuales', 0, 0, 2000, 1, 'DICIEMBRE 2022', 0),
(354, '2023-01-05', 37, 'Honorarios mensuales', 0, 0, 1600, 1, 'ENERO 2023', 0),
(355, '2023-01-06', 21, 'Honorarios mensuales', 0, 0, 1700, 1, 'DICIEMBRE 2022', 0),
(356, '2023-01-09', 9, 'Honorarios mensuales', 0, 0, 1500, 1, 'ENERO 2023', 0),
(357, '2023-01-09', 54, 'Honorarios mensuales', 0, 0, 1800, 2, 'ENERO 2023', 0),
(358, '2023-01-09', 3, 'Honorarios mensuales', 0, 0, 2000, 1, 'ENERO 2023', 0),
(359, '2023-01-10', 22, 'Honorarios mensuales', 0, 0, 2200, 1, 'ENERO 2023', 0),
(360, '2023-01-11', 38, 'Honorarios mensuales', 0, 0, 2200, 1, 'ENERO 2023', 0),
(361, '2023-01-11', 28, 'Honorarios mensuales', 0, 0, 3400, 1, 'NOV/DIC 2023', 0),
(362, '2023-01-11', 13, 'Honorarios mensuales', 0, 0, 2000, 1, 'ENERO 2023', 0),
(363, '2023-01-11', 16, 'Honorarios mensuales', 0, 0, 1700, 1, 'DICIEMBRE 2022', 0),
(364, '2023-01-12', 47, 'Honorarios mensuales', 0, 0, 1800, 2, 'ENERO 2023', 0),
(365, '2023-01-16', 23, 'Honorarios mensuales', 0, 0, 7500, 1, 'AGO/SEP/OCT/NOV/DIC 22', 0),
(366, '2023-01-16', 10, 'Honorarios mensuales', 0, 0, 1700, 1, 'DICIEMBRE 2022', 0),
(367, '2023-01-17', 12, 'Honorarios mensuales', 0, 0, 3000, 1, 'NOV/DIC 2022', 0),
(368, '2023-01-17', 31, 'Honorarios mensuales', 0, 0, 1300, 1, 'DICIEMBRE 2022', 0),
(369, '2023-01-18', 31, 'Honorarios mensuales', 0, 0, 200, 1, 'DIF DICIEMBRE 2022', 0),
(370, '2023-01-18', 18, 'Honorarios mensuales', 0, 0, 2200, 1, 'ENERO 2023', 0),
(371, '2023-01-24', 4, 'Honorarios mensuales', 0, 0, 1400, 1, 'DICIEMBRE 2022', 0),
(372, '2023-01-19', 5, 'Honorarios mensuales', 0, 0, 3600, 2, 'DIC 22/ENE 23', 0),
(373, '2023-01-20', 32, 'Honorarios mensuales', 0, 0, 4000, 2, 'DIF NOV- DIC/ENERO 2023', 0),
(374, '2023-02-01', 29, 'Honorarios mensuales', 0, 0, 2600, 1, 'DIC/ENE 2023', 0),
(375, '2023-02-01', 9, 'Honorarios mensuales', 0, 0, 1500, 1, 'FEBRERO 2023', 0),
(376, '2023-02-03', 4, 'Honorarios mensuales', 0, 0, 1400, 1, 'ENERO 2023', 0),
(377, '2023-02-03', 20, 'Honorarios mensuales', 0, 0, 1600, 1, 'ENERO 2023', 0),
(378, '2023-02-03', 34, 'Honorarios mensuales', 0, 0, 1800, 1, 'FEBRERO 2023', 0),
(379, '2023-02-03', 43, 'Honorarios mensuales', 0, 0, 2020, 1, 'ENERO 2023', 0),
(380, '2023-02-03', 22, 'Honorarios mensuales', 0, 0, 2200, 1, 'FEBRERO 2023', 0),
(381, '2023-02-06', 6, 'Honorarios mensuales', 0, 0, 4000, 1, 'ENE/FEB 2023', 0),
(382, '2023-02-06', 38, 'Honorarios mensuales', 0, 0, 2200, 1, 'FEBRERO 2023', 0),
(383, '2023-02-06', 16, 'Honorarios mensuales', 0, 0, 1700, 1, 'ENERO 2023', 0),
(384, '2023-02-06', 27, 'Honorarios mensuales', 0, 0, 2000, 1, 'ENERO 2023', 0),
(385, '2023-02-07', 15, 'Honorarios mensuales', 0, 0, 5400, 1, 'ENE/FEB/MAR 2023', 0),
(386, '2023-02-08', 37, 'Honorarios mensuales', 0, 0, 1600, 1, 'FEBRERO 2023', 0),
(387, '2023-02-09', 8, 'Honorarios mensuales', 0, 0, 1500, 1, 'ENERO 2023', 0),
(388, '2023-02-09', 10, 'Honorarios mensuales', 0, 0, 2300, 1, 'ENERO 2023', 0),
(389, '2023-02-14', 28, 'Honorarios mensuales', 0, 0, 2300, 1, 'ENERO 2023', 0),
(390, '2023-02-11', 7, 'Honorarios mensuales', 0, 0, 4900, 2, 'NOV/DIC - ENE 2023', 0),
(391, '2023-02-13', 47, 'Honorarios mensuales', 0, 0, 1800, 2, 'FEBRERO 2023', 0),
(392, '2023-02-15', 36, 'Honorarios mensuales', 0, 0, 3200, 1, 'DIC/ENE 2023', 0),
(394, '2023-02-05', 50, 'Honorarios mensuales', 0, 0, 10300, 1, 'AGO //FEB 2023', 0),
(395, '2023-02-17', 45, 'Honorarios mensuales', 0, 0, 3300, 1, 'DIC/ENE/FEB 2023', 0),
(396, '2023-02-17', 25, 'Honorarios mensuales', 0, 0, 6400, 1, 'DIC/ENE/FEB 2023', 0),
(397, '2023-02-17', 31, 'Honorarios mensuales', 0, 0, 1500, 1, 'ENE 2023', 0),
(398, '2023-02-17', 16, 'Honorarios mensuales', 0, 0, 600, 1, 'DIF ENERO 2023', 0),
(399, '2023-02-17', 12, 'Honorarios mensuales', 0, 0, 1500, 1, 'ENERO 2023', 0),
(400, '2023-02-08', 40, 'Honorarios mensuales', 0, 0, 1600, 1, 'ENERO 2023', 0),
(401, '2023-02-22', 5, 'Honorarios mensuales', 0, 0, 1800, 3, 'FEBRERO 2023', 0),
(402, '2023-02-22', 7, 'Honorarios mensuales', 0, 0, 2400, 2, 'DIF ENERO / FEBRERO 2023', 0),
(403, '2023-02-23', 13, 'Honorarios mensuales', 0, 0, 2000, 1, 'FEBRERO 2023', 0),
(404, '2023-02-23', 46, 'Honorarios mensuales', 0, 0, 1300, 1, 'FEBRERO 2023', 0),
(406, '2023-02-28', 54, 'Honorarios mensuales', 0, 0, 1800, 1, 'FEBRERO 2023', 0),
(407, '2023-03-01', 37, 'Honorarios mensuales', 0, 0, 1600, 1, 'MARZO 2023', 0),
(408, '2023-03-02', 21, 'Honorarios mensuales', 0, 0, 6600, 1, 'ENE/FEB/MAR 2023', 0),
(409, '2023-03-02', 4, 'Honorarios mensuales', 0, 0, 1400, 1, 'FEBRERO 2023', 0),
(410, '2023-03-02', 27, 'Honorarios mensuales', 0, 0, 2000, 1, 'FEBRERO 2023', 0),
(411, '2023-03-03', 33, 'Honorarios mensuales', 0, 0, 3400, 2, 'DIC/ENER 2023', 0),
(412, '2023-03-03', 31, 'Honorarios mensuales', 0, 0, 1500, 1, 'FEBRERO 2023', 0),
(413, '2023-03-03', 10, 'Honorarios mensuales', 0, 0, 2300, 1, 'FEBRERO 2023', 0),
(414, '2023-03-03', 20, 'Honorarios mensuales', 0, 0, 1600, 1, 'FEBRERO  2023', 0),
(415, '2023-03-03', 28, 'Honorarios mensuales', 0, 0, 2300, 1, 'FEBRERO 2023', 0),
(416, '2023-03-03', 8, 'Honorarios mensuales', 0, 0, 1500, 1, 'FEBRERO 2023', 0),
(417, '2023-03-04', 30, 'Honorarios mensuales', 0, 0, 2600, 2, 'ENE / FEB 2023', 0),
(418, '2023-03-06', 43, 'Honorarios mensuales', 0, 0, 2200, 1, 'FEBRERO 2023', 0),
(419, '2023-03-02', 39, 'Honorarios mensuales', 0, 0, 4800, 1, 'ENE/FEB/MAR 2023', 0),
(420, '2023-03-07', 1, 'Honorarios mensuales', 0, 0, 1000, 2, 'Pago del mes', 0),
(421, '2023-03-08', 1, 'Honorarios por', 0, 0, 2000, 3, 'Pago el mes', 0),
(422, '2023-03-08', 1, 'Honorarios por', 0, 0, 2000, 3, 'Pago el mes', 0),
(423, '2023-03-09', 1, 'Honorarios mensuales', 0, 0, 3000, 3, 'Enero 2023', 0),
(424, '2023-03-09', 1, 'Honorarios mensuales', 0, 0, 1222, 3, 'Pago del mes', 0),
(425, '2023-03-09', 1, 'Honorarios mensuales', 0, 0, 1222, 3, 'Pago del mes', 0),
(426, '2023-03-09', 1, 'Honorarios mensuales', 0, 0, 1222, 3, 'Pago del mes', 0),
(427, '2023-03-10', 1, 'Honorarios mensuales', 0, 0, 4000, 2, 'Febrero 2023', 0),
(428, '2023-03-07', 0, 'Honorarios por', 0, 0, 9000, 2, 'Pago del mes', 0),
(429, '2023-03-07', 0, 'Honorarios por', 0, 0, 9000, 2, 'Pago del mes', 0),
(430, '2023-03-07', 0, 'Honorarios por', 0, 0, 9000, 2, 'Pago del mes', 0),
(431, '2023-03-12', 0, 'Honorarios mensuales', 0, 0, 3500, 2, 'Marzo 2023', 0),
(432, '2023-03-13', 0, 'Honorarios mensuales', 0, 0, 3500, 2, 'Marzo 2023', 0),
(433, '2023-03-13', 0, 'Honorarios mensuales', 0, 0, 1000, 1, 'Pago del mes', 0),
(434, '2023-03-13', 0, 'Honorarios mensuales', 0, 0, 1000, 1, 'Pago del mes', 0),
(435, '2023-03-13', 0, 'Honorarios mensuales', 0, 0, 1000, 1, 'Pago del mes', 0),
(436, '2023-03-13', 0, 'Honorarios mensuales', 0, 0, 1234, 1, 'Pago del mes', 0),
(437, '2023-03-13', 1, 'Honorarios mensuales', 0, 0, 1234, 1, 'Pago del mes', 0),
(438, '2023-03-13', 1, 'Honorarios mensuales', 0, 0, 1234, 1, 'Pago del mes', 0),
(439, '2023-03-13', 1, 'Honorarios mensuales', 0, 0, 12345, 2, '', 0),
(440, '2023-03-13', 1, 'Honorarios mensuales', 0, 0, 4321, 2, 'Pago del mes', 0),
(441, '2023-03-14', 1, 'Honorarios mensuales', 0, 0, 321, 2, 'Pago del mes', 0),
(445, '2023-04-02', 43, 'Honorarios mensuales', 0, 0, 1300, 1, 'MARZO 2023', 0),
(446, '2023-04-01', 55, 'Honorarios por', 0, 0, 1500, 1, 'Pago del mes', 0),
(447, '2023-04-03', 43, 'Honorarios mensuales', 0, 0, 2900, 2, 'MAYO/JUNIO 2022', 0),
(453, '2023-04-07', 48, 'Honorarios mensuales', 0, 0, 1000, 1, 'MARZO 2023', 0),
(454, '2023-04-07', 48, 'Honorarios mensuales', 0, 0, 2000, 2, 'ABRIL 2023', 0),
(455, '2023-04-07', 7, 'Honorarios mensuales', 0, 0, 900, 2, 'MARZO 2023', 0),
(456, '2023-04-07', 48, 'Honorarios mensuales', 0, 0, 100, 4, 'Enero 2023', 0),
(457, '2023-04-07', 5, 'Honorarios mensuales', 0, 0, 2000, 2, 'Enero 2023', 0),
(458, '2023-04-10', 48, 'Honorarios mensuales', 0, 0, 1000, 1, 'Pago del mess', 0),
(465, '2023-04-12', 48, 'Honorarios mensuales', 0, 0, 1500, 3, 'ENERO 2023', 0),
(466, '2024-02-01', 48, 'Honorarios mensuales', 0, 0, 1400, 2, 'ENERO 2024', 0),
(467, '2023-04-17', 48, 'Honorarios mensuales', 0, 0, 1000, 1, 'Pago del mes', 0);

-- --------------------------------------------------------

--
-- Estructura de tabla para la tabla `tipo_pago`
--

CREATE TABLE `tipo_pago` (
  `id_tipodepago` int(11) NOT NULL,
  `tipo` varchar(100) NOT NULL,
  `sigla` varchar(30) NOT NULL
) ENGINE=InnoDB DEFAULT CHARSET=utf8mb4;

--
-- Volcado de datos para la tabla `tipo_pago`
--

INSERT INTO `tipo_pago` (`id_tipodepago`, `tipo`, `sigla`) VALUES
(1, 'Bco Credicoop', 'BCre'),
(2, 'Mercado Pago', 'MPag'),
(3, 'Efectivo', 'Efvo'),
(4, 'Bco Provincia', 'BPro');

--
-- Índices para tablas volcadas
--

--
-- Indices de la tabla `cliente`
--
ALTER TABLE `cliente`
  ADD PRIMARY KEY (`id_cliente`),
  ADD KEY `id_cliente` (`id_cliente`),
  ADD KEY `id_cliente_2` (`id_cliente`);

--
-- Indices de la tabla `recibo`
--
ALTER TABLE `recibo`
  ADD PRIMARY KEY (`id_recibo`),
  ADD KEY `id_cliente` (`id_cliente`),
  ADD KEY `id_tipodepago` (`id_tipodepago`);

--
-- Indices de la tabla `tipo_pago`
--
ALTER TABLE `tipo_pago`
  ADD PRIMARY KEY (`id_tipodepago`);

--
-- AUTO_INCREMENT de las tablas volcadas
--

--
-- AUTO_INCREMENT de la tabla `cliente`
--
ALTER TABLE `cliente`
  MODIFY `id_cliente` int(11) NOT NULL AUTO_INCREMENT, AUTO_INCREMENT=57;

--
-- AUTO_INCREMENT de la tabla `recibo`
--
ALTER TABLE `recibo`
  MODIFY `id_recibo` int(11) NOT NULL AUTO_INCREMENT, AUTO_INCREMENT=468;

--
-- AUTO_INCREMENT de la tabla `tipo_pago`
--
ALTER TABLE `tipo_pago`
  MODIFY `id_tipodepago` int(11) NOT NULL AUTO_INCREMENT, AUTO_INCREMENT=5;
COMMIT;

/*!40101 SET CHARACTER_SET_CLIENT=@OLD_CHARACTER_SET_CLIENT */;
/*!40101 SET CHARACTER_SET_RESULTS=@OLD_CHARACTER_SET_RESULTS */;
/*!40101 SET COLLATION_CONNECTION=@OLD_COLLATION_CONNECTION */;
